Company,Person,Role,Message,Word Count,Timestamp
airbnb,Brian Chesky,Founder,"Your leadership at Airbnb, with the recent focus on luxury rentals, is interesting. I'd love to discuss the strategy you're employing to cater to premium consumers while preserving the essence of the brand.

With the ongoing DOGE initiative, I'm curious about your approach to maintaining transparency and innovation in these evolving circumstances. Looking forward to hearing your insights.",58,2025-06-19 20:19:03
bolt,Benjamin Ho,Founder,"Noted your latest effort in enhancing Veredus Laboratories' portable diagnostic tool kits. In the rapidly evolving medical technological landscape, I'd be curious to hear your strategies for maintaining a competitive edge and staying relevant in the industry. Looking forward to potential conversations on this topic.

In addition, Dr. Benjamin Ho's role in Leyden Labs' recent acquisition of CoV Biotechnology caught my attention. Can you share your thoughts on the potential synergies between the two companies, particularly in terms of preventing respiratory infections? I'd appreciate insights on this fascinating venture.",89,2025-06-19 20:19:24
cedar,Isabelle Ilyia,Founder,"Noted Cedar AI's innovative approach to AI copilots for apps, particularly your role as CTO. Curious about your approach to driving conversions while ensuring user engagement. Your work in the generative AI space is intriguing. Looking forward to discussing potential strategic partnerships to enhance our offerings.

Your work on the Trump administration's budget package gained attention, especially the proposals on Medicaid cuts and implications for healthcare. I'm curious about your strategy for balancing transparency and innovation as these changes unfold. With the shift in the budget, what adjustments are being considered to assure that healthcare services are still accessible and affordable?",101,2025-06-19 20:19:55
databricks,Ali Ghodsi,Founder,"Noted Databricks' partnership with Tredence producing measurable impact for joint customers. With a focus on driving scalable AI transformation, how does your partnership strategy effectively prioritize industry-specific solutions? Excited to discuss further.",32,2025-06-19 20:20:12
